order_id,customer_id,product_id,quantity,order_date,status
1,1,1,1,2024-01-10,completed
2,2,2,2,2024-01-12,completed
3,3,3,3,2024-01-15,pending
4,4,4,1,2024-01-18,completed
5,5,5,2,2024-01-20,cancelled
6,6,6,1,2024-01-22,completed
7,7,7,1,2024-01-25,pending
8,8,8,2,2024-01-28,completed
9,9,9,1,2024-02-01,completed
10,10,10,3,2024-02-05,pending
11,11,11,5,2024-02-07,completed
12,12,12,2,2024-02-10,completed
13,13,13,4,2024-02-12,cancelled
14,14,14,1,2024-02-15,completed
15,15,15,1,2024-02-18,pending
16,16,16,1,2024-02-20,completed
17,17,17,2,2024-02-22,completed
18,18,18,3,2024-02-25,pending
19,19,19,10,2024-02-27,completed
20,20,20,6,2024-03-01,completed
